{"cameraMode":{"drawMode":0,"name":"Shaded","section":"Shading Mode"},"sceneLighting":true,"audioPlay":false,"sceneViewState":{"showFog":true,"showMaterialUpdate":false,"showSkybox":true,"showFlares":true,"showImageEffects":true,"showParticleSystems":true},"in2DMode":false,"pivot":{"x":-1.5545291900634766,"y":-0.739422082901001,"z":2.2015438079833986},"rotation":{"x":0.2348036766052246,"y":-0.3206186890602112,"z":0.08075450360774994,"w":0.9145736694335938},"size":6.9574360847473148,"orthographic":false}