{"cameraMode":{"drawMode":0,"name":"Shaded","section":"Shading Mode"},"sceneLighting":false,"audioPlay":false,"sceneViewState":{"showFog":true,"showMaterialUpdate":false,"showSkybox":false,"showFlares":true,"showImageEffects":true,"showParticleSystems":true},"in2DMode":false,"pivot":{"x":-0.3318377435207367,"y":1.1678930521011353,"z":-0.25652095675468447},"rotation":{"x":-0.22936837375164033,"y":-0.49349576234817507,"z":0.13675443828105927,"w":-0.8277979493141174},"size":0.44553375244140627,"orthographic":false}