{"cameraMode":{"drawMode":0,"name":"Shaded","section":"Shading Mode"},"sceneLighting":false,"audioPlay":false,"sceneViewState":{"showFog":true,"showMaterialUpdate":false,"showSkybox":false,"showFlares":true,"showImageEffects":true,"showParticleSystems":true},"in2DMode":false,"pivot":{"x":0.728430986404419,"y":0.9999996423721314,"z":1.5768283605575562},"rotation":{"x":-0.16569377481937409,"y":0.5729644298553467,"z":-0.11964660882949829,"w":-0.7937974333763123},"size":3.7225685119628908,"orthographic":false}