{"cameraMode":{"drawMode":0,"name":"Shaded","section":"Shading Mode"},"sceneLighting":true,"audioPlay":false,"sceneViewState":{"showFog":true,"showMaterialUpdate":false,"showSkybox":true,"showFlares":true,"showImageEffects":true,"showParticleSystems":true},"in2DMode":false,"pivot":{"x":0.49456170201301577,"y":3.468552827835083,"z":-5.286044120788574},"rotation":{"x":-0.07621439546346665,"y":0.115308977663517,"z":-0.009005776606500149,"w":-0.990523636341095},"size":0.3858920931816101,"orthographic":false}