{"cameraMode":{"drawMode":0,"name":"Shaded","section":"Shading Mode"},"sceneLighting":true,"audioPlay":false,"sceneViewState":{"showFog":true,"showMaterialUpdate":false,"showSkybox":true,"showFlares":true,"showImageEffects":true,"showParticleSystems":true},"in2DMode":false,"pivot":{"x":1.7435128688812256,"y":2.3284475803375246,"z":-0.34078752994537356},"rotation":{"x":-0.16208241879940034,"y":0.7079786658287048,"z":-0.1705123782157898,"w":-0.6669557094573975},"size":0.8081102967262268,"orthographic":false}